{
  "top1_slowdown": 1.101153816495623,
  "top5_slowdown": 1.018177798816136,
  "top10_slowdown": 1.0167093447276525,
  "top100_slowdown": 1.0076159409114294,
  "kendall_tau": 0.5933259508911625
}