{
  "top1_slowdown": 1.001246792929513,
  "top5_slowdown": 1.0002083267484392,
  "top10_slowdown": 1.0001664331981115,
  "top100_slowdown": 1.0001125165394373,
  "kendall_tau": 0.08861209417608942
}