{
  "top1_slowdown": 1.1375782319477625,
  "top5_slowdown": 1.1051082100187029,
  "top10_slowdown": 1.0939989600862776,
  "top100_slowdown": 1.0016520534242903,
  "kendall_tau": 0.18154396538128206
}