{
  "top1_slowdown": 1.001762706041336,
  "top5_slowdown": 1.0013005614280701,
  "top10_slowdown": 1.0009263575077056,
  "top100_slowdown": 1.0004799962043762,
  "kendall_tau": 0.5216894765133329,
  "alpha_best_gnn": 1.0,
  "gnn_components": [
    "gnn_nlp_default"
  ],
  "xgb_component": "xgb_pairwise"
}