{
  "top1_slowdown": 1.001762706041336,
  "top5_slowdown": 1.0013005614280701,
  "top10_slowdown": 1.0009263575077056,
  "top100_slowdown": 1.0004799962043762,
  "kendall_tau": 0.525873367353092
}