{
  "top1_slowdown": 1.004327382360186,
  "top5_slowdown": 1.0042983634131295,
  "top10_slowdown": 1.0042653935296195,
  "top100_slowdown": 1.0003070150102888,
  "kendall_tau": 0.3259306620639616
}