{
  "top1_slowdown": 1.0016502141952515,
  "top5_slowdown": 1.001126229763031,
  "top10_slowdown": 1.0008757710456848,
  "top100_slowdown": 1.0006563663482666,
  "kendall_tau": 0.28762871108278854
}