{
  "top1_slowdown": 1.0039962589740754,
  "top5_slowdown": 1.0013754725456239,
  "top10_slowdown": 1.0009975910186768,
  "top100_slowdown": 1.0,
  "kendall_tau": 0.897049174205538
}