{
  "top1_slowdown": 1.0039962589740754,
  "top5_slowdown": 1.0013754725456239,
  "top10_slowdown": 1.0009975910186768,
  "top100_slowdown": 1.0,
  "kendall_tau": 0.896490763061198,
  "alpha_best_gnn": 1.0,
  "gnn_components": [
    "gnn_nlp_random"
  ],
  "xgb_component": "xgb_pairwise"
}