{
  "top1_slowdown": 1.046291983127594,
  "top5_slowdown": 1.016556292772293,
  "top10_slowdown": 1.0116844534873963,
  "top100_slowdown": 1.0051229357719422,
  "kendall_tau": 0.35112223661698183
}